q1,q2,q3,q4,q5a,q5b,q5c,q5d,q5e,q5f,q5g,q5h,q5i,q5j,q6a,q6b,q6c,q6d,q6e,q6f,q6g,q6h,q7,q8,q9,q10,q11,q12,q13,Total,emotional_total,stable_total,personality,rating
1,1,1,"['Restaurant Information (e.g. Introduction, Address, Opening Hours etc)', 'Appealing images', 'Detailed Menu', 'Food Descriptions']","['Restaurant Information (e.g. Introduction, Address, Opening Hours etc)', 'Appealing images', 'Pricing', 'Comments from Other Users', 'Detailed Menu', 'Rating']",5,5,4,4,4,3,4,5,4,3,2,4,4,1,3,1,2,0,3,4,2,5,4,肥姐小食店,79,14,6,emotional,3.5
2,1,1,"['Restaurant Information (e.g. Introduction, Address, Opening Hours etc)', 'Pricing', 'Detailed Menu', 'Discounts or Promotions']","['Comments from Other Users', 'Appealing images', 'Detailed Menu', 'Pricing', 'Restaurant Information (e.g. Introduction, Address, Opening Hours etc)', 'Rating']",2,1,1,4,2,1,2,4,4,4,4,4,1,4,1,5,3,0,5,1,3,4,3,裕興咖啡,46,10,16,stable,4.0
3,1,1,"['Restaurant Information (e.g. Introduction, Address, Opening Hours etc)', 'Pricing', 'Detailed Menu', 'Discounts or Promotions']","['Detailed Menu', 'Pricing', 'Restaurant Information (e.g. Introduction, Address, Opening Hours etc)', 'Rating', 'Comments from Other Users', 'Appealing images']",4,4,3,4,5,5,5,5,5,4,2,4,5,1,4,1,1,0,3,4,2,3,4,瑞記咖啡,83,17,5,emotional,3.5
4,1,1,"['Pricing', 'Appealing images', 'Detailed Menu']","['Detailed Menu', 'Appealing images', 'Restaurant Information (e.g. Introduction, Address, Opening Hours etc)', 'Pricing', 'Rating', 'Comments from Other Users']",4,4,4,5,5,5,4,5,4,5,2,5,4,1,4,2,2,1,6,1,1,1,4,靠得住,80,18,7,emotional,4.5
5,1,1,"['Restaurant Information (e.g. Introduction, Address, Opening Hours etc)', 'Pricing', 'Appealing images', 'Discounts or Promotions']","['Pricing', 'Appealing images', 'Discounts or Promotions', 'Food Descriptions', 'Comments from Other Users', 'Restaurant Information (e.g. Introduction, Address, Opening Hours etc)', 'Detailed Menu', 'Rating']",4,4,4,4,5,4,5,5,5,5,1,5,3,1,5,2,2,0,5,1,2,4,5,利強記北角雞蛋仔,85,18,6,emotional,3.0
6,1,1,"['Restaurant Information (e.g. Introduction, Address, Opening Hours etc)', 'Pricing', 'Appealing images', 'Discounts or Promotions']","['Restaurant Information (e.g. Introduction, Address, Opening Hours etc)', 'Pricing', 'Appealing images', 'Comments from Other Users', 'Detailed Menu', 'Rating']",4,4,3,4,4,4,4,5,4,5,2,3,4,1,4,2,1,0,4,4,2,2,5,蘭芳園,77,16,6,emotional,3.0
7,1,1,"['Pricing', 'Appealing images', 'Comments from Other Users']","['Pricing', 'Comments from Other Users', 'Appealing images', 'Rating', 'Detailed Menu', 'Restaurant Information (e.g. Introduction, Address, Opening Hours etc)', 'Discounts or Promotions', 'Food Descriptions']",3,4,2,3,2,3,2,1,4,3,3,2,2,3,3,4,4,0,4,6,2,1,5,唐宮小聚,50,10,14,stable,4.0
8,1,1,"['Pricing', 'Appealing images', 'Detailed Menu', 'Food Descriptions']","['Rating', 'Detailed Menu', 'Restaurant Information (e.g. Introduction, Address, Opening Hours etc)', 'Appealing images', 'Pricing', 'Comments from Other Users']",3,2,3,1,3,4,3,3,2,2,2,4,3,4,1,4,4,1,1,1,5,1,5,麥奀記,50,10,14,stable,3.5
9,1,1,"['Pricing', 'Appealing images', 'Comments from Other Users']","['Pricing', 'Appealing images', 'Restaurant Information (e.g. Introduction, Address, Opening Hours etc)', 'Rating', 'Comments from Other Users', 'Detailed Menu']",4,4,3,5,4,4,5,5,4,5,2,3,4,1,4,1,1,1,3,4,2,5,4,滿記甜品,82,16,5,emotional,3.5
10,1,1,"['Restaurant Information (e.g. Introduction, Address, Opening Hours etc)', 'Pricing', 'Appealing images', 'Rating']","['Pricing', 'Detailed Menu', 'Rating', 'Food Descriptions', 'Comments from Other Users', 'Restaurant Information (e.g. Introduction, Address, Opening Hours etc)', 'Appealing images', 'Discounts or Promotions']",4,5,4,5,5,4,5,4,4,4,2,4,5,1,5,2,1,1,5,1,3,1,5,公和荳品廠,82,18,6,emotional,3.5
11,1,1,"['Restaurant Information (e.g. Introduction, Address, Opening Hours etc)', 'Pricing', 'Appealing images', 'Discounts or Promotions']","['Rating', 'Pricing', 'Food Descriptions', 'Comments from Other Users', 'Discounts or Promotions', 'Restaurant Information (e.g. Introduction, Address, Opening Hours etc)', 'Detailed Menu', 'Appealing images']",5,4,5,5,4,4,5,4,3,5,2,4,5,2,5,2,3,0,1,2,5,1,3,華星冰室,77,19,9,emotional,3.5
12,1,1,"['Restaurant Information (e.g. Introduction, Address, Opening Hours etc)', 'Pricing', 'Detailed Menu', 'Food Descriptions']","['Restaurant Information (e.g. Introduction, Address, Opening Hours etc)', 'Pricing']",5,4,5,4,5,4,5,4,4,3,2,5,4,1,4,1,1,1,6,2,2,2,5,滿記甜品,82,16,5,emotional,3.5
13,1,1,"['Restaurant Information (e.g. Introduction, Address, Opening Hours etc)', 'Pricing', 'Appealing images', 'Discounts or Promotions']","['Comments from Other Users', 'Detailed Menu', 'Restaurant Information (e.g. Introduction, Address, Opening Hours etc)', 'Rating', 'Appealing images', 'Pricing']",4,4,4,4,4,5,5,4,4,5,3,4,5,1,4,2,2,1,2,3,1,4,4,靠得住,80,18,8,emotional,4.5
14,1,1,"['Restaurant Information (e.g. Introduction, Address, Opening Hours etc)', 'Pricing', 'Appealing images', 'Discounts or Promotions']","['Rating', 'Pricing', 'Comments from Other Users', 'Detailed Menu', 'Food Descriptions', 'Restaurant Information (e.g. Introduction, Address, Opening Hours etc)', 'Appealing images', 'Discounts or Promotions']",3,3,2,1,1,3,1,1,1,5,2,4,3,3,3,1,3,1,4,4,1,5,4,維記咖啡粉麵,55,15,9,emotional,3.5
15,1,1,"['Pricing', 'Appealing images', 'Detailed Menu', 'Food Descriptions']","['Rating', 'Food Descriptions', 'Detailed Menu', 'Appealing images', 'Discounts or Promotions', 'Restaurant Information (e.g. Introduction, Address, Opening Hours etc)', 'Pricing', 'Comments from Other Users']",2,3,2,1,2,2,2,3,1,5,1,3,3,1,5,2,1,1,5,2,2,4,4,鳳城酒家,61,16,5,emotional,3.5
16,1,1,"['Restaurant Information (e.g. Introduction, Address, Opening Hours etc)', 'Pricing', 'Detailed Menu', 'Discounts or Promotions']","['Restaurant Information (e.g. Introduction, Address, Opening Hours etc)', 'Comments from Other Users', 'Rating', 'Pricing', 'Appealing images', 'Detailed Menu']",1,1,1,3,2,1,1,3,4,4,2,4,3,2,5,3,1,1,2,3,1,2,4,金華冰廳,55,16,8,emotional,3.5
17,1,1,"['Restaurant Information (e.g. Introduction, Address, Opening Hours etc)', 'Pricing', 'Appealing images', 'Discounts or Promotions']","['Discounts or Promotions', 'Detailed Menu', 'Appealing images', 'Pricing', 'Comments from Other Users', 'Restaurant Information (e.g. Introduction, Address, Opening Hours etc)', 'Food Descriptions', 'Rating']",3,5,5,5,5,3,5,5,4,4,1,5,5,2,4,1,2,1,3,5,2,4,3,公和荳品廠,83,18,6,emotional,3.5
18,1,1,"['Restaurant Information (e.g. Introduction, Address, Opening Hours etc)', 'Pricing', 'Appealing images', 'Comments from Other Users']","['Restaurant Information (e.g. Introduction, Address, Opening Hours etc)', 'Pricing', 'Appealing images', 'Rating', 'Comments from Other Users', 'Detailed Menu']",5,3,5,5,4,5,4,4,3,1,5,1,3,4,3,5,2,1,3,4,2,4,4,妹記大排檔,62,8,16,stable,3.5
19,1,1,"['Pricing', 'Appealing images', 'Detailed Menu', 'Food Descriptions']","['Comments from Other Users', 'Discounts or Promotions', 'Rating', 'Appealing images', 'Food Descriptions', 'Restaurant Information (e.g. Introduction, Address, Opening Hours etc)', 'Pricing', 'Detailed Menu']",5,4,3,4,4,4,5,5,5,3,3,5,4,1,4,2,1,0,3,5,2,2,3,泰昌蛋塔,77,16,7,emotional,3.5
20,1,1,"['Pricing', 'Appealing images', 'Detailed Menu', 'Food Descriptions']","['Rating', 'Detailed Menu', 'Food Descriptions', 'Restaurant Information (e.g. Introduction, Address, Opening Hours etc)', 'Discounts or Promotions', 'Pricing', 'Comments from Other Users', 'Appealing images']",4,5,4,4,4,5,5,4,4,4,3,5,5,2,5,1,2,0,5,1,2,1,5,麥奀雲吞麵世家,80,19,8,emotional,3.5
21,1,1,"['Restaurant Information (e.g. Introduction, Address, Opening Hours etc)', 'Pricing', 'Appealing images', 'Rating']","['Comments from Other Users', 'Rating', 'Detailed Menu', 'Restaurant Information (e.g. Introduction, Address, Opening Hours etc)', 'Pricing', 'Appealing images']",5,5,4,5,5,4,5,5,3,4,2,4,5,1,5,1,1,0,1,1,5,2,5,泰昌蛋塔,85,18,5,emotional,3.5
22,1,1,"['Restaurant Information (e.g. Introduction, Address, Opening Hours etc)', 'Pricing', 'Appealing images', 'Comments from Other Users']","['Restaurant Information (e.g. Introduction, Address, Opening Hours etc)', 'Detailed Menu', 'Appealing images', 'Comments from Other Users', 'Pricing', 'Rating']",1,2,2,2,2,1,4,3,1,5,3,4,5,1,3,2,1,0,2,3,1,2,4,鏞記酒家,58,17,7,emotional,3.5
23,1,1,"['Restaurant Information (e.g. Introduction, Address, Opening Hours etc)', 'Pricing', 'Appealing images', 'Rating']","['Rating', 'Pricing', 'Appealing images', 'Food Descriptions', 'Detailed Menu', 'Restaurant Information (e.g. Introduction, Address, Opening Hours etc)', 'Comments from Other Users', 'Discounts or Promotions']",4,5,3,3,4,5,3,4,5,4,2,5,5,2,5,3,1,1,7,2,4,4,5,甘牌燒鵝,80,19,8,emotional,3.0
24,1,1,"['Restaurant Information (e.g. Introduction, Address, Opening Hours etc)', 'Appealing images', 'Detailed Menu', 'Food Descriptions']","['Pricing', 'Appealing images', 'Restaurant Information (e.g. Introduction, Address, Opening Hours etc)', 'Comments from Other Users', 'Rating', 'Detailed Menu']",5,4,5,5,4,5,5,4,3,5,1,5,4,1,3,1,2,0,4,3,1,2,5,華星冰室,83,17,5,emotional,3.5
25,1,1,"['Pricing', 'Appealing images', 'Detailed Menu', 'Food Descriptions']","['Appealing images', 'Pricing', 'Comments from Other Users', 'Detailed Menu', 'Rating', 'Restaurant Information (e.g. Introduction, Address, Opening Hours etc)']",5,4,4,5,5,5,4,3,4,3,1,5,4,1,4,1,2,1,3,6,1,5,5,劉森記麵家,84,16,5,emotional,3.5
26,1,1,"['Restaurant Information (e.g. Introduction, Address, Opening Hours etc)', 'Pricing', 'Detailed Menu', 'Discounts or Promotions']","['Appealing images', 'Restaurant Information (e.g. Introduction, Address, Opening Hours etc)', 'Pricing', 'Detailed Menu', 'Comments from Other Users', 'Rating']",3,4,1,3,3,1,1,4,1,1,5,4,1,5,4,3,4,1,5,1,2,1,5,肥姐小食店,44,10,17,stable,3.5
27,1,1,"['Pricing', 'Appealing images', 'Comments from Other Users']","['Comments from Other Users', 'Discounts or Promotions', 'Pricing', 'Appealing images', 'Detailed Menu', 'Restaurant Information (e.g. Introduction, Address, Opening Hours etc)', 'Food Descriptions', 'Rating']",5,3,4,5,4,4,4,5,5,5,1,3,5,2,5,1,3,1,3,4,2,2,5,維記咖啡粉麵,81,18,7,emotional,3.5
28,1,1,"['Restaurant Information (e.g. Introduction, Address, Opening Hours etc)', 'Pricing', 'Appealing images', 'Discounts or Promotions']","['Rating', 'Comments from Other Users', 'Appealing images', 'Detailed Menu', 'Pricing', 'Restaurant Information (e.g. Introduction, Address, Opening Hours etc)', 'Food Descriptions', 'Discounts or Promotions']",3,5,5,3,4,4,4,3,3,3,3,3,4,1,4,2,3,1,4,4,2,1,5,甘の季節,69,14,9,emotional,3.5
29,1,1,"['Pricing', 'Appealing images', 'Comments from Other Users']","['Comments from Other Users', 'Appealing images', 'Pricing', 'Restaurant Information (e.g. Introduction, Address, Opening Hours etc)', 'Detailed Menu', 'Rating']",1,1,1,3,1,1,3,1,1,5,2,4,4,1,3,2,1,1,2,4,2,2,4,興記菜館,53,16,6,emotional,3.0
30,1,1,"['Restaurant Information (e.g. Introduction, Address, Opening Hours etc)', 'Pricing', 'Appealing images', 'Discounts or Promotions']","['Pricing', 'Rating', 'Comments from Other Users', 'Detailed Menu', 'Restaurant Information (e.g. Introduction, Address, Opening Hours etc)', 'Appealing images']",4,5,5,5,3,4,5,5,5,5,1,4,4,1,5,1,1,1,7,1,4,1,4,新斗記,84,18,4,emotional,3.5
31,1,1,"['Pricing', 'Appealing images', 'Detailed Menu', 'Food Descriptions']","['Appealing images', 'Pricing', 'Comments from Other Users', 'Restaurant Information (e.g. Introduction, Address, Opening Hours etc)', 'Detailed Menu', 'Discounts or Promotions', 'Rating', 'Food Descriptions']",3,5,4,5,4,5,4,5,5,5,1,5,5,3,4,1,2,0,4,4,3,2,5,澳洲牛奶公司,83,19,7,emotional,3.5
32,1,1,"['Restaurant Information (e.g. Introduction, Address, Opening Hours etc)', 'Pricing', 'Detailed Menu', 'Discounts or Promotions']","['Rating', 'Appealing images', 'Comments from Other Users', 'Pricing', 'Restaurant Information (e.g. Introduction, Address, Opening Hours etc)', 'Detailed Menu']",4,4,3,4,5,4,3,4,4,4,2,5,4,2,4,1,2,0,3,3,2,5,4,車仔麵之家,78,17,7,emotional,3.5
33,1,1,"['Restaurant Information (e.g. Introduction, Address, Opening Hours etc)', 'Appealing images', 'Detailed Menu', 'Food Descriptions']","['Restaurant Information (e.g. Introduction, Address, Opening Hours etc)', 'Pricing']",4,4,4,4,4,4,4,5,4,5,2,3,5,2,5,2,3,0,7,1,4,4,4,裕興咖啡,78,18,9,emotional,4.0
34,1,1,"['Restaurant Information (e.g. Introduction, Address, Opening Hours etc)', 'Pricing', 'Appealing images', 'Rating']","['Pricing', 'Restaurant Information (e.g. Introduction, Address, Opening Hours etc)', 'Comments from Other Users', 'Detailed Menu', 'Rating', 'Appealing images']",2,1,3,2,2,3,4,1,2,2,4,2,1,2,2,4,4,0,3,5,2,5,1,再興燒臘,43,7,14,stable,3.5
35,1,1,"['Pricing', 'Appealing images', 'Detailed Menu', 'Food Descriptions']","['Detailed Menu', 'Rating', 'Comments from Other Users', 'Restaurant Information (e.g. Introduction, Address, Opening Hours etc)', 'Pricing', 'Appealing images']",5,5,4,5,4,3,4,4,4,5,2,4,3,1,3,2,1,0,4,4,3,5,5,義順牛奶公司,81,15,6,emotional,3.0
36,1,1,"['Pricing', 'Appealing images', 'Detailed Menu', 'Food Descriptions']","['Rating', 'Appealing images', 'Restaurant Information (e.g. Introduction, Address, Opening Hours etc)', 'Detailed Menu', 'Comments from Other Users', 'Pricing']",4,3,5,4,4,3,5,5,5,4,2,3,4,2,5,3,1,1,3,3,3,1,2,華星冰室,73,16,8,emotional,3.5
37,1,1,"['Restaurant Information (e.g. Introduction, Address, Opening Hours etc)', 'Pricing', 'Appealing images', 'Discounts or Promotions']","['Detailed Menu', 'Pricing', 'Appealing images', 'Rating', 'Restaurant Information (e.g. Introduction, Address, Opening Hours etc)', 'Comments from Other Users']",5,5,5,5,3,4,3,3,5,4,5,1,2,4,2,4,4,0,4,3,3,3,1,澳門翠苑餐廳,58,9,17,stable,3.5
38,1,1,"['Restaurant Information (e.g. Introduction, Address, Opening Hours etc)', 'Pricing', 'Detailed Menu', 'Discounts or Promotions']","['Rating', 'Comments from Other Users', 'Appealing images', 'Restaurant Information (e.g. Introduction, Address, Opening Hours etc)', 'Pricing', 'Detailed Menu']",5,5,5,3,5,5,5,3,4,5,2,5,4,2,5,2,1,1,1,1,5,5,4,肥姐小食店,85,19,7,emotional,3.5
39,1,1,"['Pricing', 'Appealing images', 'Detailed Menu', 'Food Descriptions']","['Rating', 'Comments from Other Users', 'Restaurant Information (e.g. Introduction, Address, Opening Hours etc)', 'Appealing images', 'Pricing', 'Detailed Menu']",2,1,1,3,3,3,2,3,1,3,5,2,1,5,3,2,4,0,2,3,2,4,2,華記小食,42,9,16,stable,3.5
40,1,1,"['Restaurant Information (e.g. Introduction, Address, Opening Hours etc)', 'Pricing', 'Appealing images', 'Comments from Other Users']","['Discounts or Promotions', 'Comments from Other Users', 'Detailed Menu', 'Food Descriptions', 'Pricing', 'Restaurant Information (e.g. Introduction, Address, Opening Hours etc)', 'Appealing images', 'Rating']",5,4,5,4,4,4,4,4,5,2,3,2,1,4,1,5,2,1,2,5,2,4,1,泰昌蛋塔,60,6,14,stable,3.5
41,1,1,"['Restaurant Information (e.g. Introduction, Address, Opening Hours etc)', 'Pricing', 'Appealing images', 'Rating']","['Restaurant Information (e.g. Introduction, Address, Opening Hours etc)', 'Rating', 'Appealing images', 'Detailed Menu', 'Pricing', 'Comments from Other Users']",4,4,3,3,5,4,5,3,4,5,2,4,3,1,4,1,2,0,3,4,1,2,2,華記小食,73,16,6,emotional,3.5
42,1,1,"['Restaurant Information (e.g. Introduction, Address, Opening Hours etc)', 'Pricing', 'Appealing images', 'Discounts or Promotions']","['Pricing', 'Comments from Other Users', 'Appealing images', 'Detailed Menu', 'Restaurant Information (e.g. Introduction, Address, Opening Hours etc)', 'Rating']",4,4,3,5,4,5,4,4,4,1,4,3,1,5,1,4,4,0,3,3,1,4,5,豪華咖啡茶廳,59,6,17,stable,3.5
43,1,1,"['Pricing', 'Appealing images', 'Detailed Menu', 'Food Descriptions']","['Restaurant Information (e.g. Introduction, Address, Opening Hours etc)', 'Rating', 'Comments from Other Users', 'Appealing images', 'Pricing', 'Detailed Menu']",2,3,3,4,3,3,2,4,1,2,3,2,4,3,3,4,2,1,3,4,3,5,3,富記粥品,56,11,12,stable,3.5
44,1,1,"['Restaurant Information (e.g. Introduction, Address, Opening Hours etc)', 'Pricing', 'Appealing images', 'Discounts or Promotions']","['Restaurant Information (e.g. Introduction, Address, Opening Hours etc)', 'Comments from Other Users', 'Detailed Menu', 'Rating', 'Appealing images', 'Pricing']",5,5,4,5,4,5,5,5,4,5,1,5,5,3,5,1,1,0,3,6,1,3,3,坤記糕品,86,20,6,emotional,3.0
45,1,1,"['Restaurant Information (e.g. Introduction, Address, Opening Hours etc)', 'Pricing', 'Appealing images', 'Rating']","['Rating', 'Pricing', 'Detailed Menu', 'Restaurant Information (e.g. Introduction, Address, Opening Hours etc)', 'Appealing images', 'Comments from Other Users']",3,5,4,4,4,5,4,5,4,1,5,4,1,5,1,4,2,0,3,4,2,4,3,唐宮小聚,60,7,16,stable,4.0
46,1,1,"['Restaurant Information (e.g. Introduction, Address, Opening Hours etc)', 'Pricing', 'Appealing images', 'Rating']","['Pricing', 'Detailed Menu', 'Rating', 'Appealing images', 'Restaurant Information (e.g. Introduction, Address, Opening Hours etc)', 'Comments from Other Users']",3,5,5,4,5,5,3,5,4,2,5,1,3,3,2,4,4,0,2,5,2,5,5,豪華咖啡茶廳,65,8,16,stable,3.5
47,1,1,"['Restaurant Information (e.g. Introduction, Address, Opening Hours etc)', 'Pricing', 'Appealing images', 'Discounts or Promotions']","['Pricing', 'Restaurant Information (e.g. Introduction, Address, Opening Hours etc)']",4,5,5,5,4,4,5,4,5,4,1,5,5,1,5,2,2,1,7,1,4,2,5,坤記糕品,85,19,6,emotional,3.0
48,1,1,"['Restaurant Information (e.g. Introduction, Address, Opening Hours etc)', 'Pricing', 'Appealing images', 'Discounts or Promotions']","['Appealing images', 'Rating', 'Detailed Menu', 'Restaurant Information (e.g. Introduction, Address, Opening Hours etc)', 'Pricing', 'Comments from Other Users']",1,4,2,1,1,1,2,3,4,4,2,4,5,3,4,2,2,0,2,6,1,4,2,華姐清湯腩,57,17,9,emotional,3.5
49,1,1,"['Pricing', 'Appealing images', 'Detailed Menu', 'Food Descriptions']","['Detailed Menu', 'Comments from Other Users', 'Appealing images', 'Restaurant Information (e.g. Introduction, Address, Opening Hours etc)', 'Pricing', 'Rating']",1,1,2,1,1,2,2,2,3,3,1,5,4,2,3,1,1,1,2,3,2,5,5,源記餐廳,59,15,5,emotional,3.5
50,1,1,"['Restaurant Information (e.g. Introduction, Address, Opening Hours etc)', 'Appealing images', 'Detailed Menu', 'Food Descriptions']","['Comments from Other Users', 'Detailed Menu', 'Pricing', 'Appealing images', 'Rating', 'Restaurant Information (e.g. Introduction, Address, Opening Hours etc)']",5,4,4,3,5,5,5,3,5,4,3,4,5,3,3,1,1,1,2,4,2,4,5,波記燒臘,80,16,8,emotional,3.5
51,1,1,"['Pricing', 'Appealing images', 'Detailed Menu', 'Food Descriptions']","['Restaurant Information (e.g. Introduction, Address, Opening Hours etc)', 'Pricing', 'Detailed Menu', 'Appealing images']",4,5,3,5,4,3,5,5,4,1,3,2,2,3,4,4,4,0,6,2,3,2,4,坤記糕品,63,9,14,stable,3.0
52,1,1,"['Restaurant Information (e.g. Introduction, Address, Opening Hours etc)', 'Pricing', 'Appealing images', 'Comments from Other Users']","['Appealing images', 'Detailed Menu', 'Comments from Other Users', 'Restaurant Information (e.g. Introduction, Address, Opening Hours etc)', 'Pricing']",5,4,4,4,4,5,4,5,3,4,2,4,4,2,4,1,1,1,3,3,3,3,5,第三代肥仔小食店,80,16,6,emotional,4.0
53,1,1,"['Pricing', 'Appealing images', 'Detailed Menu', 'Food Descriptions']","['Comments from Other Users', 'Appealing images', 'Pricing', 'Restaurant Information (e.g. Introduction, Address, Opening Hours etc)', 'Detailed Menu']",5,5,5,4,4,5,5,4,5,4,1,5,4,1,4,1,1,1,2,5,2,5,5,華姐清湯腩,89,17,4,emotional,3.5
54,1,1,"['Pricing', 'Appealing images', 'Detailed Menu', 'Food Descriptions']","['Pricing', 'Restaurant Information (e.g. Introduction, Address, Opening Hours etc)']",1,1,1,1,2,3,1,3,2,4,1,4,4,2,5,1,3,0,2,3,2,5,3,榮記粉麵,57,17,7,emotional,3.5
55,1,1,"['Restaurant Information (e.g. Introduction, Address, Opening Hours etc)', 'Pricing', 'Appealing images', 'Rating']","['Detailed Menu', 'Pricing', 'Appealing images', 'Restaurant Information (e.g. Introduction, Address, Opening Hours etc)', 'Comments from Other Users']",4,5,5,3,4,4,4,4,3,2,4,2,3,4,3,3,5,1,1,2,5,1,5,肥姐小食店,60,10,16,stable,3.5
56,1,1,"['Pricing', 'Appealing images', 'Detailed Menu', 'Food Descriptions']","['Detailed Menu', 'Pricing', 'Appealing images', 'Comments from Other Users', 'Restaurant Information (e.g. Introduction, Address, Opening Hours etc)']",2,1,3,2,4,1,2,1,2,4,1,4,5,3,4,1,2,0,5,1,1,1,3,再興燒臘,56,17,7,emotional,3.5
57,1,1,"['Restaurant Information (e.g. Introduction, Address, Opening Hours etc)', 'Pricing', 'Appealing images', 'Comments from Other Users']","['Restaurant Information (e.g. Introduction, Address, Opening Hours etc)', 'Detailed Menu', 'Pricing', 'Appealing images']",5,4,5,5,4,4,3,4,5,4,3,5,5,2,4,1,3,1,3,3,1,1,4,甘牌燒鵝,77,18,9,emotional,3.0
58,1,1,"['Pricing', 'Appealing images', 'Detailed Menu', 'Food Descriptions']","['Pricing', 'Restaurant Information (e.g. Introduction, Address, Opening Hours etc)']",4,4,5,5,4,5,3,3,4,4,1,5,4,2,4,2,2,0,3,6,2,1,2,Bakehouse,74,17,7,emotional,3.5
59,1,1,"['Restaurant Information (e.g. Introduction, Address, Opening Hours etc)', 'Pricing', 'Detailed Menu', 'Discounts or Promotions']","['Pricing', 'Restaurant Information (e.g. Introduction, Address, Opening Hours etc)']",4,1,2,1,2,1,3,2,1,4,1,4,3,2,4,3,1,0,7,1,4,5,1,一樂燒鵝,55,15,7,emotional,3.5
60,1,1,"['Pricing', 'Appealing images', 'Detailed Menu', 'Food Descriptions']","['Restaurant Information (e.g. Introduction, Address, Opening Hours etc)', 'Pricing']",4,5,5,4,4,3,4,4,4,4,1,4,5,3,3,1,1,1,5,1,3,2,5,強記美食,78,16,6,emotional,3.5
61,1,1,"['Restaurant Information (e.g. Introduction, Address, Opening Hours etc)', 'Appealing images', 'Detailed Menu', 'Food Descriptions']","['Pricing', 'Comments from Other Users', 'Appealing images', 'Restaurant Information (e.g. Introduction, Address, Opening Hours etc)', 'Detailed Menu']",5,5,4,4,4,5,5,4,3,4,1,3,3,1,4,2,2,0,3,4,2,5,4,唐宮小聚,80,14,6,emotional,4.0
62,1,1,"['Restaurant Information (e.g. Introduction, Address, Opening Hours etc)', 'Pricing', 'Appealing images', 'Rating']","['Comments from Other Users', 'Appealing images', 'Pricing', 'Restaurant Information (e.g. Introduction, Address, Opening Hours etc)', 'Detailed Menu']",4,5,3,4,5,5,5,5,4,5,1,4,4,1,5,3,1,1,2,4,1,3,4,一樂燒鵝,83,18,6,emotional,3.5
63,1,1,"['Restaurant Information (e.g. Introduction, Address, Opening Hours etc)', 'Appealing images', 'Detailed Menu', 'Food Descriptions']","['Comments from Other Users', 'Pricing', 'Appealing images', 'Detailed Menu', 'Restaurant Information (e.g. Introduction, Address, Opening Hours etc)']",4,4,5,4,5,4,3,5,5,4,3,4,4,1,5,2,1,0,5,1,2,2,4,義順牛奶公司,79,17,7,emotional,3.0
64,1,1,"['Pricing', 'Appealing images', 'Detailed Menu', 'Food Descriptions']","['Pricing', 'Comments from Other Users', 'Appealing images', 'Detailed Menu', 'Restaurant Information (e.g. Introduction, Address, Opening Hours etc)']",3,5,5,5,4,5,5,4,4,4,1,5,5,2,5,3,2,0,2,4,2,5,4,波記燒臘,84,19,8,emotional,3.5
65,1,1,"['Restaurant Information (e.g. Introduction, Address, Opening Hours etc)', 'Pricing', 'Appealing images', 'Comments from Other Users']","['Appealing images', 'Comments from Other Users', 'Restaurant Information (e.g. Introduction, Address, Opening Hours etc)', 'Pricing', 'Detailed Menu']",4,5,3,5,5,5,5,4,4,5,1,3,5,2,4,1,2,1,5,1,3,4,5,嚐囍煲仔小菜,84,17,6,emotional,3.5
66,1,1,"['Restaurant Information (e.g. Introduction, Address, Opening Hours etc)', 'Pricing', 'Appealing images', 'Rating']","['Pricing', 'Restaurant Information (e.g. Introduction, Address, Opening Hours etc)']",3,4,2,1,3,3,3,3,2,4,1,4,3,3,3,1,3,0,3,6,3,1,3,利強記北角雞蛋仔,58,14,8,emotional,3.0
67,1,1,"['Restaurant Information (e.g. Introduction, Address, Opening Hours etc)', 'Pricing', 'Appealing images', 'Rating']","['Pricing', 'Detailed Menu', 'Appealing images', 'Restaurant Information (e.g. Introduction, Address, Opening Hours etc)', 'Comments from Other Users']",3,4,5,3,5,5,4,4,5,4,2,5,4,3,5,1,2,1,2,5,3,1,5,新斗記,78,18,8,emotional,3.5
68,1,1,"['Restaurant Information (e.g. Introduction, Address, Opening Hours etc)', 'Pricing', 'Appealing images', 'Discounts or Promotions']","['Restaurant Information (e.g. Introduction, Address, Opening Hours etc)', 'Pricing']",4,4,5,5,4,5,5,4,4,3,1,5,5,1,4,2,2,1,6,1,2,4,5,華嫂冰室,84,17,6,emotional,3.5
69,1,1,"['Restaurant Information (e.g. Introduction, Address, Opening Hours etc)', 'Pricing', 'Appealing images', 'Discounts or Promotions']","['Pricing', 'Restaurant Information (e.g. Introduction, Address, Opening Hours etc)']",4,4,5,5,5,4,4,5,4,4,2,5,5,1,3,1,1,0,5,1,2,5,5,甘の季節,86,17,5,emotional,3.5
70,1,1,"['Pricing', 'Appealing images', 'Detailed Menu', 'Food Descriptions']","['Rating', 'Appealing images', 'Restaurant Information (e.g. Introduction, Address, Opening Hours etc)', 'Pricing', 'Comments from Other Users', 'Detailed Menu']",5,5,5,3,4,4,5,5,4,5,1,5,3,3,5,1,2,0,4,3,1,1,1,生記粥品,77,18,7,emotional,3.5
71,1,1,"['Pricing', 'Appealing images', 'Detailed Menu', 'Food Descriptions']","['Rating', 'Restaurant Information (e.g. Introduction, Address, Opening Hours etc)', 'Comments from Other Users', 'Detailed Menu', 'Appealing images', 'Pricing']",5,4,5,5,3,4,4,5,5,3,1,5,5,2,4,2,1,1,3,4,2,5,5,劉森記麵家,85,17,6,emotional,3.5
72,1,1,"['Restaurant Information (e.g. Introduction, Address, Opening Hours etc)', 'Pricing', 'Appealing images', 'Discounts or Promotions']","['Pricing', 'Restaurant Information (e.g. Introduction, Address, Opening Hours etc)']",4,5,4,4,3,5,4,5,3,2,4,2,1,2,3,3,5,0,3,3,3,2,4,紅茶冰室,61,8,14,stable,3.5
73,1,1,"['Pricing', 'Appealing images', 'Detailed Menu', 'Food Descriptions']","['Comments from Other Users', 'Appealing images', 'Detailed Menu', 'Restaurant Information (e.g. Introduction, Address, Opening Hours etc)', 'Pricing']",5,4,4,4,4,4,4,4,5,3,1,3,5,1,4,2,1,0,4,5,1,4,5,坤記煲仔小菜,81,15,5,emotional,3.5
74,1,1,"['Pricing', 'Appealing images', 'Detailed Menu', 'Food Descriptions']","['Restaurant Information (e.g. Introduction, Address, Opening Hours etc)', 'Detailed Menu', 'Pricing', 'Appealing images']",5,5,5,4,5,3,5,4,5,4,2,5,4,1,4,1,1,0,5,2,1,1,4,周記點心,82,17,5,emotional,4.0
75,1,1,"['Restaurant Information (e.g. Introduction, Address, Opening Hours etc)', 'Pricing', 'Detailed Menu', 'Discounts or Promotions']","['Comments from Other Users', 'Detailed Menu', 'Appealing images', 'Restaurant Information (e.g. Introduction, Address, Opening Hours etc)', 'Pricing']",4,4,5,4,4,4,3,4,4,1,4,2,3,5,1,3,2,1,3,4,2,4,5,維記咖啡粉麵,62,7,14,stable,3.5
76,1,1,"['Restaurant Information (e.g. Introduction, Address, Opening Hours etc)', 'Pricing', 'Detailed Menu', 'Discounts or Promotions']","['Appealing images', 'Comments from Other Users', 'Restaurant Information (e.g. Introduction, Address, Opening Hours etc)', 'Detailed Menu', 'Pricing']",5,5,5,4,5,5,4,4,5,5,2,4,5,1,5,1,2,1,5,2,2,2,5,佳佳甜品,86,19,6,emotional,3.5
77,1,1,"['Restaurant Information (e.g. Introduction, Address, Opening Hours etc)', 'Appealing images', 'Detailed Menu', 'Food Descriptions']","['Pricing', 'Detailed Menu', 'Comments from Other Users', 'Restaurant Information (e.g. Introduction, Address, Opening Hours etc)', 'Appealing images']",5,4,4,4,5,5,5,5,4,5,1,4,5,1,4,2,2,0,2,5,1,4,4,麥奀記,85,18,6,emotional,3.5
78,1,1,"['Restaurant Information (e.g. Introduction, Address, Opening Hours etc)', 'Pricing', 'Detailed Menu', 'Discounts or Promotions']","['Rating', 'Restaurant Information (e.g. Introduction, Address, Opening Hours etc)', 'Pricing', 'Comments from Other Users', 'Detailed Menu', 'Appealing images']",5,5,4,4,3,5,4,4,4,2,5,1,2,4,3,3,3,0,2,4,2,1,5,強記美食,61,8,15,stable,3.5
79,1,1,"['Restaurant Information (e.g. Introduction, Address, Opening Hours etc)', 'Pricing', 'Appealing images', 'Discounts or Promotions']","['Restaurant Information (e.g. Introduction, Address, Opening Hours etc)', 'Pricing']",5,4,4,5,4,5,4,4,3,3,4,2,3,5,1,4,5,0,1,1,5,1,5,良記餐廳,59,9,18,stable,3.5
80,1,1,"['Restaurant Information (e.g. Introduction, Address, Opening Hours etc)', 'Appealing images', 'Detailed Menu', 'Food Descriptions']","['Appealing images', 'Comments from Other Users', 'Pricing', 'Detailed Menu', 'Restaurant Information (e.g. Introduction, Address, Opening Hours etc)']",4,4,5,4,5,5,5,5,5,5,1,4,5,2,5,2,1,0,4,4,2,2,2,豪華咖啡茶廳,83,19,6,emotional,3.5
81,1,1,"['Pricing', 'Appealing images', 'Detailed Menu', 'Food Descriptions']","['Detailed Menu', 'Pricing', 'Appealing images', 'Comments from Other Users', 'Restaurant Information (e.g. Introduction, Address, Opening Hours etc)']",4,5,5,5,5,5,4,4,5,5,1,5,5,1,5,2,3,1,3,3,1,5,4,利苑酒家,88,20,7,emotional,3.5
82,1,1,"['Pricing', 'Appealing images', 'Detailed Menu', 'Food Descriptions']","['Appealing images', 'Detailed Menu', 'Comments from Other Users', 'Restaurant Information (e.g. Introduction, Address, Opening Hours etc)', 'Pricing']",4,4,5,4,4,4,5,5,4,4,2,4,4,2,4,1,2,0,2,3,1,4,4,富記粥品,80,16,7,emotional,3.5
83,1,1,"['Pricing', 'Appealing images', 'Detailed Menu', 'Food Descriptions']","['Comments from Other Users', 'Appealing images', 'Pricing', 'Restaurant Information (e.g. Introduction, Address, Opening Hours etc)', 'Detailed Menu']",3,5,5,5,5,4,3,4,5,3,5,2,2,4,2,2,4,1,3,4,2,2,4,華記小食,63,9,15,stable,3.5
84,1,1,"['Pricing', 'Appealing images', 'Detailed Menu', 'Food Descriptions']","['Comments from Other Users', 'Appealing images', 'Detailed Menu', 'Pricing', 'Restaurant Information (e.g. Introduction, Address, Opening Hours etc)']",2,2,4,1,3,3,2,2,2,3,4,2,4,3,3,4,5,1,3,4,1,1,2,九記牛腩,44,12,16,stable,3.0
85,1,1,"['Restaurant Information (e.g. Introduction, Address, Opening Hours etc)', 'Pricing', 'Appealing images', 'Discounts or Promotions']","['Detailed Menu', 'Comments from Other Users', 'Appealing images', 'Restaurant Information (e.g. Introduction, Address, Opening Hours etc)', 'Pricing']",4,5,5,4,4,4,5,4,4,5,3,3,3,1,4,2,1,0,3,3,2,1,4,麥文記,76,15,7,emotional,3.5
86,1,1,"['Pricing', 'Appealing images', 'Detailed Menu', 'Food Descriptions']","['Restaurant Information (e.g. Introduction, Address, Opening Hours etc)', 'Comments from Other Users', 'Discounts or Promotions', 'Rating', 'Pricing', 'Appealing images', 'Detailed Menu']",5,5,4,5,3,5,4,4,5,4,2,4,5,2,5,1,2,0,3,3,1,4,5,裕興咖啡,84,18,7,emotional,4.0
87,1,1,"['Restaurant Information (e.g. Introduction, Address, Opening Hours etc)', 'Pricing', 'Appealing images', 'Rating']","['Pricing', 'Comments from Other Users', 'Appealing images', 'Detailed Menu', 'Restaurant Information (e.g. Introduction, Address, Opening Hours etc)']",4,4,5,5,3,3,5,5,4,5,1,4,5,3,4,3,3,0,1,1,5,4,5,麥奀記,79,18,10,emotional,3.5
88,1,1,"['Pricing', 'Appealing images', 'Detailed Menu', 'Food Descriptions']","['Comments from Other Users', 'Pricing', 'Appealing images', 'Restaurant Information (e.g. Introduction, Address, Opening Hours etc)', 'Detailed Menu']",5,5,5,5,4,4,4,5,5,5,2,5,4,1,4,1,1,1,2,4,2,1,4,第三代肥仔小食店,84,18,5,emotional,4.0
89,1,1,"['Restaurant Information (e.g. Introduction, Address, Opening Hours etc)', 'Appealing images', 'Detailed Menu', 'Food Descriptions']","['Pricing', 'Comments from Other Users', 'Detailed Menu', 'Restaurant Information (e.g. Introduction, Address, Opening Hours etc)', 'Appealing images']",5,4,5,5,4,3,5,4,5,5,1,4,5,2,4,2,2,1,4,4,1,5,4,公和荳品廠,84,18,7,emotional,3.5
90,1,1,"['Restaurant Information (e.g. Introduction, Address, Opening Hours etc)', 'Pricing', 'Appealing images', 'Comments from Other Users']","['Restaurant Information (e.g. Introduction, Address, Opening Hours etc)', 'Pricing', 'Detailed Menu', 'Appealing images']",5,5,4,4,3,5,5,5,5,5,3,5,5,1,5,2,1,1,2,3,2,3,3,利強記北角雞蛋仔,84,20,7,emotional,3.0
91,1,1,"['Restaurant Information (e.g. Introduction, Address, Opening Hours etc)', 'Appealing images', 'Detailed Menu', 'Food Descriptions']","['Pricing', 'Restaurant Information (e.g. Introduction, Address, Opening Hours etc)', 'Comments from Other Users', 'Appealing images', 'Rating', 'Discounts or Promotions', 'Detailed Menu']",1,2,2,4,4,1,1,2,4,4,4,3,3,5,2,3,3,1,3,5,2,2,5,金華冰廳,49,12,15,stable,3.5
92,1,1,"['Restaurant Information (e.g. Introduction, Address, Opening Hours etc)', 'Pricing', 'Appealing images', 'Rating']","['Detailed Menu', 'Comments from Other Users', 'Pricing', 'Restaurant Information (e.g. Introduction, Address, Opening Hours etc)', 'Appealing images']",5,4,5,4,5,5,5,4,3,5,1,4,4,1,5,2,3,1,5,1,3,2,5,華姐清湯腩,82,18,7,emotional,3.5
93,1,1,"['Restaurant Information (e.g. Introduction, Address, Opening Hours etc)', 'Pricing', 'Appealing images', 'Discounts or Promotions']","['Pricing', 'Appealing images', 'Detailed Menu', 'Comments from Other Users', 'Restaurant Information (e.g. Introduction, Address, Opening Hours etc)']",2,2,2,2,4,2,1,4,3,2,4,3,4,4,4,3,2,0,1,1,5,4,1,佳佳甜品,51,13,13,stable,3.5
94,1,1,"['Restaurant Information (e.g. Introduction, Address, Opening Hours etc)', 'Pricing', 'Appealing images', 'Discounts or Promotions']","['Pricing', 'Restaurant Information (e.g. Introduction, Address, Opening Hours etc)']",3,3,5,5,3,4,4,5,4,4,3,4,4,2,5,2,2,0,3,3,2,3,5,滿記甜品,76,17,9,emotional,3.5
95,1,1,"['Pricing', 'Appealing images', 'Comments from Other Users']","['Restaurant Information (e.g. Introduction, Address, Opening Hours etc)', 'Pricing']",4,4,5,4,5,5,4,3,5,4,2,5,3,3,5,2,2,0,3,6,2,4,5,一樂燒鵝,80,17,9,emotional,3.5
96,1,1,"['Restaurant Information (e.g. Introduction, Address, Opening Hours etc)', 'Pricing', 'Detailed Menu', 'Discounts or Promotions']","['Detailed Menu', 'Pricing', 'Appealing images', 'Restaurant Information (e.g. Introduction, Address, Opening Hours etc)', 'Comments from Other Users']",5,5,5,4,3,5,4,3,5,5,1,4,3,2,3,1,2,0,5,1,2,4,2,嚐囍煲仔小菜,78,15,6,emotional,3.5
97,1,1,"['Pricing', 'Appealing images', 'Detailed Menu', 'Food Descriptions']","['Restaurant Information (e.g. Introduction, Address, Opening Hours etc)', 'Appealing images', 'Comments from Other Users', 'Rating', 'Detailed Menu', 'Pricing']",3,4,5,5,4,3,4,4,3,3,2,4,3,1,4,3,1,0,2,4,1,4,2,利苑酒家,72,14,7,emotional,3.5
98,1,1,"['Restaurant Information (e.g. Introduction, Address, Opening Hours etc)', 'Pricing', 'Appealing images', 'Rating']","['Pricing', 'Restaurant Information (e.g. Introduction, Address, Opening Hours etc)', 'Appealing images', 'Detailed Menu', 'Rating', 'Comments from Other Users', 'Discounts or Promotions']",5,3,5,5,5,5,4,5,4,5,2,4,5,1,5,2,1,0,3,3,1,5,4,新斗記,87,19,6,emotional,3.5
99,1,1,"['Restaurant Information (e.g. Introduction, Address, Opening Hours etc)', 'Pricing', 'Detailed Menu', 'Discounts or Promotions']","['Restaurant Information (e.g. Introduction, Address, Opening Hours etc)', 'Pricing', 'Detailed Menu', 'Appealing images']",4,5,5,5,4,3,3,4,4,2,2,4,1,5,3,5,4,0,3,3,3,4,5,肥姐小食店,64,10,16,stable,3.5
100,1,1,"['Restaurant Information (e.g. Introduction, Address, Opening Hours etc)', 'Pricing', 'Appealing images', 'Discounts or Promotions']","['Pricing', 'Appealing images', 'Comments from Other Users', 'Detailed Menu', 'Restaurant Information (e.g. Introduction, Address, Opening Hours etc)']",5,4,4,4,5,4,5,4,5,3,2,5,5,1,4,1,1,1,4,4,3,5,5,豪華咖啡茶廳,86,17,5,emotional,3.5
101,1,1,"['Restaurant Information (e.g. Introduction, Address, Opening Hours etc)', 'Pricing', 'Appealing images', 'Rating']","['Pricing', 'Detailed Menu', 'Comments from Other Users', 'Appealing images', 'Restaurant Information (e.g. Introduction, Address, Opening Hours etc)']",4,4,5,3,4,5,5,4,5,5,2,3,4,2,5,1,2,0,4,6,2,2,4,金鳳茶餐廳,79,17,7,emotional,3.5
102,1,1,"['Pricing', 'Appealing images', 'Detailed Menu', 'Food Descriptions']","['Pricing', 'Restaurant Information (e.g. Introduction, Address, Opening Hours etc)']",5,5,5,4,5,4,5,4,4,4,1,4,4,1,5,2,1,0,3,3,2,4,5,滿記甜品,86,17,5,emotional,3.5
103,1,1,"['Pricing', 'Appealing images', 'Detailed Menu', 'Food Descriptions']","['Rating', 'Restaurant Information (e.g. Introduction, Address, Opening Hours etc)', 'Detailed Menu', 'Pricing', 'Comments from Other Users', 'Appealing images']",5,4,4,5,5,5,4,5,4,5,2,5,3,1,5,1,2,0,4,5,2,2,3,第三代肥仔小食店,82,18,6,emotional,4.0
104,1,1,"['Restaurant Information (e.g. Introduction, Address, Opening Hours etc)', 'Pricing', 'Appealing images', 'Discounts or Promotions']","['Comments from Other Users', 'Pricing', 'Appealing images', 'Restaurant Information (e.g. Introduction, Address, Opening Hours etc)', 'Detailed Menu']",4,4,4,4,4,5,5,5,5,5,1,3,5,1,3,1,2,1,3,4,1,4,5,強記美食,84,16,5,emotional,3.5
105,1,1,"['Restaurant Information (e.g. Introduction, Address, Opening Hours etc)', 'Appealing images', 'Detailed Menu', 'Food Descriptions']","['Restaurant Information (e.g. Introduction, Address, Opening Hours etc)', 'Pricing']",4,3,4,3,4,4,5,5,4,5,2,4,4,1,4,1,3,1,4,3,2,5,2,鳳城酒家,77,17,7,emotional,3.5
106,1,1,"['Restaurant Information (e.g. Introduction, Address, Opening Hours etc)', 'Pricing', 'Detailed Menu', 'Discounts or Promotions']","['Appealing images', 'Pricing', 'Restaurant Information (e.g. Introduction, Address, Opening Hours etc)', 'Comments from Other Users', 'Detailed Menu']",4,5,5,4,5,5,5,5,5,5,1,5,4,1,5,2,1,1,4,5,2,4,5,鳳城酒家,90,19,5,emotional,3.5
107,1,1,"['Restaurant Information (e.g. Introduction, Address, Opening Hours etc)', 'Pricing', 'Appealing images', 'Comments from Other Users']","['Restaurant Information (e.g. Introduction, Address, Opening Hours etc)', 'Pricing', 'Detailed Menu', 'Appealing images']",2,1,3,4,2,3,2,2,2,3,5,4,1,2,4,4,3,1,2,4,1,5,5,文記車仔麵,53,12,14,stable,3.5
108,1,1,"['Restaurant Information (e.g. Introduction, Address, Opening Hours etc)', 'Pricing', 'Appealing images', 'Discounts or Promotions']","['Restaurant Information (e.g. Introduction, Address, Opening Hours etc)', 'Pricing', 'Appealing images', 'Detailed Menu']",5,4,5,5,4,5,3,4,4,5,2,4,4,1,3,1,3,1,7,2,4,1,2,一點心,75,16,7,emotional,3.5
109,1,1,"['Restaurant Information (e.g. Introduction, Address, Opening Hours etc)', 'Pricing', 'Appealing images', 'Discounts or Promotions']","['Pricing', 'Restaurant Information (e.g. Introduction, Address, Opening Hours etc)']",5,4,4,5,5,4,5,4,5,5,1,4,4,1,5,2,1,0,4,4,3,4,5,譚仔米線,87,18,5,emotional,4.0
110,1,1,"['Restaurant Information (e.g. Introduction, Address, Opening Hours etc)', 'Pricing', 'Detailed Menu', 'Discounts or Promotions']","['Detailed Menu', 'Pricing', 'Appealing images', 'Restaurant Information (e.g. Introduction, Address, Opening Hours etc)', 'Comments from Other Users']",3,5,5,4,4,3,5,3,4,1,3,2,2,3,2,4,2,0,4,6,2,2,4,利強記北角雞蛋仔,61,7,12,stable,3.0
111,1,1,"['Restaurant Information (e.g. Introduction, Address, Opening Hours etc)', 'Pricing', 'Appealing images', 'Discounts or Promotions']","['Pricing', 'Comments from Other Users', 'Detailed Menu', 'Restaurant Information (e.g. Introduction, Address, Opening Hours etc)', 'Appealing images']",4,5,5,4,4,4,4,5,5,5,2,5,3,3,5,1,1,1,5,1,2,2,3,文記車仔麵,80,18,7,emotional,3.5
112,1,1,"['Pricing', 'Appealing images', 'Detailed Menu', 'Food Descriptions']","['Restaurant Information (e.g. Introduction, Address, Opening Hours etc)', 'Pricing']",5,3,5,4,4,5,4,5,5,5,2,5,5,2,3,1,2,0,2,4,3,1,2,公和荳品廠,78,18,7,emotional,3.5
113,1,1,"['Restaurant Information (e.g. Introduction, Address, Opening Hours etc)', 'Pricing', 'Appealing images', 'Discounts or Promotions']","['Restaurant Information (e.g. Introduction, Address, Opening Hours etc)', 'Pricing', 'Detailed Menu', 'Appealing images']",4,4,3,4,3,4,3,3,5,3,1,3,3,1,5,3,2,1,5,1,2,2,4,周記點心,70,14,7,emotional,4.0
114,1,1,"['Restaurant Information (e.g. Introduction, Address, Opening Hours etc)', 'Pricing', 'Appealing images', 'Discounts or Promotions']","['Pricing', 'Restaurant Information (e.g. Introduction, Address, Opening Hours etc)']",5,3,5,3,3,3,5,5,4,3,1,5,4,1,4,3,2,1,5,2,2,2,4,華姐清湯腩,75,16,7,emotional,3.5
115,1,1,"['Pricing', 'Appealing images', 'Detailed Menu', 'Food Descriptions']","['Pricing', 'Restaurant Information (e.g. Introduction, Address, Opening Hours etc)']",5,5,5,5,5,5,4,4,5,5,1,5,3,1,5,1,1,1,4,3,2,2,3,澳洲牛奶公司,86,18,4,emotional,3.5
116,1,1,"['Restaurant Information (e.g. Introduction, Address, Opening Hours etc)', 'Pricing', 'Appealing images', 'Comments from Other Users']","['Discounts or Promotions', 'Restaurant Information (e.g. Introduction, Address, Opening Hours etc)', 'Pricing', 'Appealing images', 'Detailed Menu', 'Comments from Other Users', 'Rating']",3,2,3,2,4,1,3,2,3,3,3,4,3,2,3,1,3,1,3,4,2,5,5,麥文記,61,13,9,emotional,3.5
117,1,1,"['Restaurant Information (e.g. Introduction, Address, Opening Hours etc)', 'Pricing', 'Appealing images', 'Comments from Other Users']","['Restaurant Information (e.g. Introduction, Address, Opening Hours etc)', 'Detailed Menu', 'Appealing images', 'Pricing']",2,1,2,4,1,2,4,1,2,3,5,3,2,4,1,5,5,0,4,4,2,2,5,何洪記粥麵專家,40,9,19,stable,3.5
118,1,1,"['Pricing', 'Appealing images', 'Comments from Other Users']","['Pricing', 'Restaurant Information (e.g. Introduction, Address, Opening Hours etc)']",3,5,4,5,5,4,4,3,4,4,1,5,3,1,3,2,1,1,3,3,1,1,3,文記車仔麵,75,15,5,emotional,3.5
119,1,1,"['Pricing', 'Appealing images', 'Detailed Menu', 'Food Descriptions']","['Detailed Menu', 'Comments from Other Users', 'Appealing images', 'Restaurant Information (e.g. Introduction, Address, Opening Hours etc)', 'Pricing']",4,5,4,4,5,5,5,3,5,5,3,4,5,2,5,1,1,1,1,1,5,2,5,第三代肥仔小食店,83,19,7,emotional,4.0
120,1,1,"['Pricing', 'Appealing images', 'Detailed Menu', 'Food Descriptions']","['Appealing images', 'Pricing', 'Detailed Menu', 'Restaurant Information (e.g. Introduction, Address, Opening Hours etc)', 'Comments from Other Users']",4,4,5,3,4,4,5,5,5,5,2,3,5,1,5,3,2,1,1,2,5,4,5,豪華咖啡茶廳,82,18,8,emotional,3.5
121,1,1,"['Restaurant Information (e.g. Introduction, Address, Opening Hours etc)', 'Pricing', 'Appealing images', 'Comments from Other Users']","['Pricing', 'Restaurant Information (e.g. Introduction, Address, Opening Hours etc)']",1,3,2,4,2,2,2,2,3,4,4,1,4,4,3,4,3,1,3,5,1,5,2,合益泰小食,49,12,15,stable,3.5
122,1,1,"['Restaurant Information (e.g. Introduction, Address, Opening Hours etc)', 'Pricing', 'Appealing images', 'Rating']","['Pricing', 'Restaurant Information (e.g. Introduction, Address, Opening Hours etc)']",5,4,5,5,4,5,5,3,4,4,2,5,5,1,4,2,2,0,1,1,5,4,5,沾仔記,84,18,7,emotional,3.5
123,1,1,"['Restaurant Information (e.g. Introduction, Address, Opening Hours etc)', 'Pricing', 'Appealing images', 'Rating']","['Restaurant Information (e.g. Introduction, Address, Opening Hours etc)', 'Appealing images', 'Detailed Menu', 'Pricing']",5,5,4,3,5,5,5,5,4,5,1,4,4,2,4,1,1,0,2,6,2,3,5,華姐清湯腩,85,17,5,emotional,3.5
124,1,1,"['Restaurant Information (e.g. Introduction, Address, Opening Hours etc)', 'Pricing', 'Appealing images', 'Discounts or Promotions']","['Detailed Menu', 'Pricing', 'Comments from Other Users', 'Restaurant Information (e.g. Introduction, Address, Opening Hours etc)', 'Appealing images']",5,3,5,4,3,5,5,5,4,4,2,4,5,3,5,3,2,1,2,4,2,2,4,唐宮小聚,77,18,10,emotional,4.0
125,1,1,"['Restaurant Information (e.g. Introduction, Address, Opening Hours etc)', 'Pricing', 'Appealing images', 'Discounts or Promotions']","['Detailed Menu', 'Comments from Other Users', 'Appealing images', 'Restaurant Information (e.g. Introduction, Address, Opening Hours etc)', 'Pricing']",2,1,4,2,1,1,4,2,1,3,2,4,5,2,4,2,2,1,6,1,3,4,5,富記粥品,59,16,8,emotional,3.5
126,1,1,"['Restaurant Information (e.g. Introduction, Address, Opening Hours etc)', 'Pricing', 'Appealing images', 'Rating']","['Pricing', 'Appealing images', 'Restaurant Information (e.g. Introduction, Address, Opening Hours etc)', 'Comments from Other Users', 'Detailed Menu']",3,5,5,3,4,3,4,5,5,3,3,3,5,1,4,1,2,1,2,3,2,2,5,維記咖啡粉麵,76,15,7,emotional,3.5
127,1,1,"['Restaurant Information (e.g. Introduction, Address, Opening Hours etc)', 'Pricing', 'Appealing images', 'Discounts or Promotions']","['Pricing', 'Restaurant Information (e.g. Introduction, Address, Opening Hours etc)']",2,3,2,4,4,3,3,2,2,4,3,4,3,2,4,1,2,0,7,1,4,3,4,金華冰廳,63,15,8,emotional,3.5
128,1,1,"['Restaurant Information (e.g. Introduction, Address, Opening Hours etc)', 'Pricing', 'Appealing images', 'Discounts or Promotions']","['Restaurant Information (e.g. Introduction, Address, Opening Hours etc)', 'Pricing', 'Comments from Other Users', 'Detailed Menu', 'Appealing images', 'Rating']",5,4,3,4,5,4,3,4,3,4,2,3,4,3,3,1,1,0,2,4,1,1,4,滿記甜品,71,14,7,emotional,3.5
129,1,1,"['Restaurant Information (e.g. Introduction, Address, Opening Hours etc)', 'Pricing', 'Detailed Menu', 'Discounts or Promotions']","['Comments from Other Users', 'Detailed Menu', 'Appealing images', 'Restaurant Information (e.g. Introduction, Address, Opening Hours etc)', 'Pricing']",4,4,4,3,5,4,4,5,3,4,2,4,3,1,3,2,2,0,7,2,4,1,5,維記咖啡粉麵,73,14,7,emotional,3.5
130,1,1,"['Restaurant Information (e.g. Introduction, Address, Opening Hours etc)', 'Pricing', 'Appealing images', 'Discounts or Promotions']","['Detailed Menu', 'Comments from Other Users', 'Pricing', 'Restaurant Information (e.g. Introduction, Address, Opening Hours etc)', 'Appealing images']",5,5,5,4,5,3,4,5,5,4,2,5,5,1,4,1,1,0,3,5,2,1,4,甘牌燒鵝,83,18,5,emotional,3.0
131,1,1,"['Restaurant Information (e.g. Introduction, Address, Opening Hours etc)', 'Pricing', 'Appealing images', 'Rating']","['Restaurant Information (e.g. Introduction, Address, Opening Hours etc)', 'Pricing']",2,4,1,3,2,4,2,1,2,4,5,3,4,5,2,3,3,1,3,4,2,4,5,再興燒臘,51,13,16,stable,3.5
132,1,1,"['Pricing', 'Appealing images', 'Detailed Menu', 'Food Descriptions']","['Pricing', 'Rating', 'Restaurant Information (e.g. Introduction, Address, Opening Hours etc)', 'Appealing images', 'Detailed Menu', 'Comments from Other Users']",5,4,3,4,4,4,5,4,4,4,2,5,4,2,4,1,2,0,4,4,3,2,5,文記車仔麵,78,17,7,emotional,3.5
133,1,1,"['Restaurant Information (e.g. Introduction, Address, Opening Hours etc)', 'Pricing', 'Detailed Menu', 'Discounts or Promotions']","['Pricing', 'Restaurant Information (e.g. Introduction, Address, Opening Hours etc)']",3,5,4,4,5,4,4,5,4,4,2,4,5,1,3,2,1,1,5,1,2,1,5,瑞記咖啡,78,16,6,emotional,3.5
134,1,1,"['Restaurant Information (e.g. Introduction, Address, Opening Hours etc)', 'Pricing', 'Detailed Menu', 'Discounts or Promotions']","['Pricing', 'Detailed Menu', 'Comments from Other Users', 'Appealing images', 'Restaurant Information (e.g. Introduction, Address, Opening Hours etc)']",3,5,4,5,3,4,5,5,3,2,4,2,2,4,1,4,2,0,5,1,2,5,5,富記粥品,64,7,14,stable,3.5
135,1,1,"['Pricing', 'Appealing images', 'Comments from Other Users']","['Appealing images', 'Restaurant Information (e.g. Introduction, Address, Opening Hours etc)', 'Pricing', 'Rating', 'Detailed Menu', 'Comments from Other Users']",3,3,3,3,3,1,1,1,1,4,2,5,4,2,5,2,3,1,3,4,1,5,2,鳳城酒家,59,18,9,emotional,3.5
136,1,1,"['Pricing', 'Appealing images', 'Comments from Other Users']","['Appealing images', 'Pricing', 'Restaurant Information (e.g. Introduction, Address, Opening Hours etc)', 'Detailed Menu', 'Comments from Other Users']",3,3,4,4,5,4,5,4,5,1,2,3,2,4,2,5,3,1,7,1,4,2,4,甘の季節,61,8,14,stable,3.5
137,1,1,"['Pricing', 'Appealing images', 'Detailed Menu', 'Food Descriptions']","['Rating', 'Restaurant Information (e.g. Introduction, Address, Opening Hours etc)', 'Appealing images', 'Comments from Other Users', 'Discounts or Promotions', 'Detailed Menu', 'Pricing']",5,4,4,4,5,4,4,5,4,5,2,4,4,3,4,1,2,1,4,4,2,5,3,蘭芳園,80,17,8,emotional,3.0
138,1,1,"['Restaurant Information (e.g. Introduction, Address, Opening Hours etc)', 'Pricing', 'Detailed Menu', 'Discounts or Promotions']","['Restaurant Information (e.g. Introduction, Address, Opening Hours etc)', 'Pricing']",5,5,4,4,4,5,5,4,5,5,1,4,5,2,5,2,2,1,2,4,2,4,5,勝香園,86,19,7,emotional,3.5
139,1,1,"['Pricing', 'Appealing images', 'Detailed Menu', 'Food Descriptions']","['Pricing', 'Restaurant Information (e.g. Introduction, Address, Opening Hours etc)', 'Comments from Other Users', 'Detailed Menu', 'Appealing images', 'Rating']",4,5,4,4,4,3,5,3,5,5,2,5,5,2,3,2,3,0,2,3,2,4,4,甘牌燒鵝,78,18,9,emotional,3.0
140,1,1,"['Restaurant Information (e.g. Introduction, Address, Opening Hours etc)', 'Pricing', 'Appealing images', 'Comments from Other Users']","['Detailed Menu', 'Comments from Other Users', 'Pricing', 'Appealing images', 'Restaurant Information (e.g. Introduction, Address, Opening Hours etc)']",5,4,4,5,3,3,4,4,3,4,2,4,5,3,3,3,1,1,4,4,2,4,4,紅茶冰室,74,16,9,emotional,3.5
141,1,1,"['Restaurant Information (e.g. Introduction, Address, Opening Hours etc)', 'Pricing', 'Appealing images', 'Discounts or Promotions']","['Pricing', 'Restaurant Information (e.g. Introduction, Address, Opening Hours etc)']",5,4,5,5,5,4,5,5,5,5,1,5,5,2,5,1,1,1,4,4,2,4,3,甘牌燒鵝,89,20,5,emotional,3.0
142,1,1,"['Restaurant Information (e.g. Introduction, Address, Opening Hours etc)', 'Pricing', 'Detailed Menu', 'Discounts or Promotions']","['Restaurant Information (e.g. Introduction, Address, Opening Hours etc)', 'Pricing', 'Detailed Menu', 'Appealing images']",5,3,5,3,5,4,5,4,4,4,1,4,4,1,5,3,3,0,2,3,1,2,5,沾仔記,78,17,8,emotional,3.5
143,1,1,"['Restaurant Information (e.g. Introduction, Address, Opening Hours etc)', 'Pricing', 'Appealing images', 'Rating']","['Pricing', 'Restaurant Information (e.g. Introduction, Address, Opening Hours etc)']",4,4,4,3,5,5,4,5,4,1,5,1,1,5,2,3,3,1,3,3,2,4,5,周記點心,60,5,16,stable,4.0
144,1,1,"['Restaurant Information (e.g. Introduction, Address, Opening Hours etc)', 'Pricing', 'Detailed Menu', 'Discounts or Promotions']","['Restaurant Information (e.g. Introduction, Address, Opening Hours etc)', 'Pricing']",5,5,5,4,5,5,5,5,5,5,1,5,5,1,5,2,1,1,5,1,2,2,4,麥文記,89,20,5,emotional,3.5
145,1,1,"['Pricing', 'Appealing images', 'Detailed Menu', 'Food Descriptions']","['Restaurant Information (e.g. Introduction, Address, Opening Hours etc)', 'Appealing images', 'Pricing', 'Detailed Menu']",1,1,1,2,1,2,3,3,3,4,3,1,1,4,1,5,3,1,3,6,2,4,4,肥姐小食店,41,7,15,stable,3.5
146,1,1,"['Pricing', 'Appealing images', 'Detailed Menu', 'Food Descriptions']","['Comments from Other Users', 'Pricing', 'Appealing images', 'Restaurant Information (e.g. Introduction, Address, Opening Hours etc)', 'Detailed Menu']",2,1,3,1,2,1,1,1,2,4,3,4,5,2,5,2,1,1,3,5,2,2,4,車仔麵之家,54,18,8,emotional,3.5
147,1,1,"['Pricing', 'Appealing images', 'Detailed Menu', 'Food Descriptions']","['Comments from Other Users', 'Appealing images', 'Detailed Menu', 'Pricing', 'Restaurant Information (e.g. Introduction, Address, Opening Hours etc)']",5,5,5,4,5,4,5,5,3,5,2,4,5,2,5,2,1,0,5,2,2,1,3,妹記大排檔,81,19,7,emotional,3.5
148,1,1,"['Restaurant Information (e.g. Introduction, Address, Opening Hours etc)', 'Pricing', 'Detailed Menu', 'Discounts or Promotions']","['Pricing', 'Restaurant Information (e.g. Introduction, Address, Opening Hours etc)']",5,5,5,4,3,5,5,5,3,5,2,5,5,1,4,2,2,0,3,4,1,4,5,劉森記麵家,85,19,7,emotional,3.5
149,1,1,"['Restaurant Information (e.g. Introduction, Address, Opening Hours etc)', 'Pricing', 'Appealing images', 'Discounts or Promotions']","['Pricing', 'Rating', 'Restaurant Information (e.g. Introduction, Address, Opening Hours etc)', 'Comments from Other Users', 'Appealing images', 'Detailed Menu']",5,3,5,5,3,5,4,5,4,5,2,3,4,3,4,1,2,1,4,4,2,4,5,譚仔米線,80,16,8,emotional,4.0
150,1,1,"['Restaurant Information (e.g. Introduction, Address, Opening Hours etc)', 'Pricing', 'Detailed Menu', 'Discounts or Promotions']","['Pricing', 'Detailed Menu', 'Appealing images', 'Restaurant Information (e.g. Introduction, Address, Opening Hours etc)', 'Comments from Other Users']",1,3,3,2,2,1,1,3,3,4,2,3,5,1,5,3,2,0,3,4,2,2,4,富記粥品,58,17,8,emotional,3.5
151,1,1,"['Restaurant Information (e.g. Introduction, Address, Opening Hours etc)', 'Pricing', 'Appealing images', 'Comments from Other Users']","['Detailed Menu', 'Comments from Other Users', 'Pricing', 'Restaurant Information (e.g. Introduction, Address, Opening Hours etc)', 'Appealing images']",4,5,5,5,3,5,3,4,5,5,1,4,3,2,4,2,1,1,4,4,2,5,4,瑞記咖啡,82,16,6,emotional,3.5
152,1,1,"['Restaurant Information (e.g. Introduction, Address, Opening Hours etc)', 'Pricing', 'Appealing images', 'Rating']","['Pricing', 'Restaurant Information (e.g. Introduction, Address, Opening Hours etc)']",4,5,4,4,4,4,4,5,3,4,2,4,5,1,3,1,2,0,6,2,2,1,5,源記餐廳,77,16,6,emotional,3.5
153,1,1,"['Restaurant Information (e.g. Introduction, Address, Opening Hours etc)', 'Pricing', 'Appealing images', 'Discounts or Promotions']","['Rating', 'Detailed Menu', 'Restaurant Information (e.g. Introduction, Address, Opening Hours etc)', 'Comments from Other Users', 'Pricing', 'Appealing images']",4,4,4,5,5,5,5,4,5,5,3,5,4,1,5,1,2,0,3,4,2,1,4,富記粥品,82,19,7,emotional,3.5
154,1,1,"['Restaurant Information (e.g. Introduction, Address, Opening Hours etc)', 'Pricing', 'Appealing images', 'Discounts or Promotions']","['Appealing images', 'Detailed Menu', 'Comments from Other Users', 'Restaurant Information (e.g. Introduction, Address, Opening Hours etc)', 'Pricing']",4,4,5,5,5,4,5,4,4,5,2,3,5,1,4,2,1,0,3,4,2,4,3,蓮香居,82,17,6,emotional,3.5
155,1,1,"['Pricing', 'Appealing images', 'Detailed Menu', 'Food Descriptions']","['Pricing', 'Restaurant Information (e.g. Introduction, Address, Opening Hours etc)']",4,5,4,5,4,5,5,4,5,4,2,5,5,1,5,2,2,1,6,1,1,5,5,裕興咖啡,87,19,7,emotional,4.0
156,1,1,"['Restaurant Information (e.g. Introduction, Address, Opening Hours etc)', 'Pricing', 'Detailed Menu', 'Discounts or Promotions']","['Detailed Menu', 'Pricing', 'Appealing images', 'Comments from Other Users', 'Restaurant Information (e.g. Introduction, Address, Opening Hours etc)']",2,4,1,1,1,1,1,1,1,3,1,4,3,1,4,2,1,0,5,1,2,3,3,鳳城酒家,52,14,5,emotional,3.5
157,1,1,"['Pricing', 'Appealing images', 'Detailed Menu', 'Food Descriptions']","['Comments from Other Users', 'Restaurant Information (e.g. Introduction, Address, Opening Hours etc)', 'Detailed Menu', 'Rating', 'Appealing images', 'Pricing']",5,4,5,4,4,4,5,3,5,5,1,5,5,3,3,2,2,0,3,4,2,2,1,裕興咖啡,76,18,8,emotional,4.0
158,1,1,"['Pricing', 'Appealing images', 'Comments from Other Users', 'Food Descriptions']","['Comments from Other Users', 'Detailed Menu', 'Appealing images', 'Restaurant Information (e.g. Introduction, Address, Opening Hours etc)', 'Pricing']",4,4,5,4,4,4,5,3,5,2,5,3,3,5,1,4,3,0,4,4,3,2,4,興記菜館,60,9,17,stable,3.0
159,1,1,"['Restaurant Information (e.g. Introduction, Address, Opening Hours etc)', 'Pricing', 'Detailed Menu', 'Discounts or Promotions']","['Pricing', 'Restaurant Information (e.g. Introduction, Address, Opening Hours etc)']",3,3,3,4,3,2,2,3,2,4,2,4,4,3,3,3,1,1,3,3,1,2,3,蘭芳園,60,15,9,emotional,3.0
160,1,1,"['Restaurant Information (e.g. Introduction, Address, Opening Hours etc)', 'Pricing', 'Appealing images', 'Discounts or Promotions']","['Restaurant Information (e.g. Introduction, Address, Opening Hours etc)', 'Pricing']",1,4,2,2,1,4,2,1,1,5,3,3,5,1,3,1,2,1,3,3,1,3,3,泰昌蛋塔,57,16,7,emotional,3.5
161,1,1,"['Restaurant Information (e.g. Introduction, Address, Opening Hours etc)', 'Pricing', 'Appealing images', 'Discounts or Promotions']","['Restaurant Information (e.g. Introduction, Address, Opening Hours etc)', 'Detailed Menu', 'Pricing', 'Appealing images']",5,3,4,5,5,5,4,4,3,4,1,4,4,2,4,2,2,1,2,3,2,4,1,金華冰廳,76,16,7,emotional,3.5
162,1,1,"['Restaurant Information (e.g. Introduction, Address, Opening Hours etc)', 'Pricing', 'Appealing images', 'Discounts or Promotions']","['Rating', 'Appealing images', 'Restaurant Information (e.g. Introduction, Address, Opening Hours etc)', 'Comments from Other Users', 'Detailed Menu', 'Pricing']",4,4,5,5,5,4,5,5,5,4,2,5,5,1,5,1,1,1,2,4,2,2,3,麥奀記,85,19,5,emotional,3.5
163,1,1,"['Restaurant Information (e.g. Introduction, Address, Opening Hours etc)', 'Pricing', 'Appealing images', 'Discounts or Promotions']","['Appealing images', 'Pricing', 'Comments from Other Users', 'Restaurant Information (e.g. Introduction, Address, Opening Hours etc)', 'Detailed Menu']",4,3,5,3,5,4,4,5,4,4,2,3,4,2,3,2,1,1,2,3,2,1,1,新斗記,70,14,7,emotional,3.5
164,1,1,"['Restaurant Information (e.g. Introduction, Address, Opening Hours etc)', 'Pricing', 'Appealing images', 'Discounts or Promotions']","['Comments from Other Users', 'Pricing', 'Detailed Menu', 'Restaurant Information (e.g. Introduction, Address, Opening Hours etc)', 'Appealing images']",1,2,1,1,2,4,1,2,1,4,2,3,5,1,4,3,1,1,4,6,1,5,5,周記點心,58,16,7,emotional,4.0
165,1,1,"['Restaurant Information (e.g. Introduction, Address, Opening Hours etc)', 'Pricing', 'Appealing images', 'Comments from Other Users']","['Restaurant Information (e.g. Introduction, Address, Opening Hours etc)', 'Pricing', 'Appealing images', 'Detailed Menu']",5,3,4,5,5,5,5,4,3,5,2,4,5,2,5,2,3,0,1,2,5,2,4,麥文記,79,19,9,emotional,3.5
166,1,1,"['Restaurant Information (e.g. Introduction, Address, Opening Hours etc)', 'Pricing', 'Appealing images', 'Rating']","['Restaurant Information (e.g. Introduction, Address, Opening Hours etc)', 'Detailed Menu', 'Appealing images', 'Pricing']",5,5,5,4,4,5,4,5,4,5,1,5,4,1,5,3,2,0,1,1,5,1,3,源記餐廳,81,19,7,emotional,3.5
167,1,1,"['Restaurant Information (e.g. Introduction, Address, Opening Hours etc)', 'Pricing', 'Appealing images', 'Rating']","['Comments from Other Users', 'Detailed Menu', 'Appealing images', 'Pricing', 'Restaurant Information (e.g. Introduction, Address, Opening Hours etc)']",4,2,2,3,2,2,4,3,1,3,3,4,4,2,3,3,1,1,3,3,1,4,5,良記餐廳,61,14,9,emotional,3.5
168,1,1,"['Pricing', 'Appealing images', 'Comments from Other Users']","['Pricing', 'Restaurant Information (e.g. Introduction, Address, Opening Hours etc)']",3,4,4,4,4,5,3,3,5,3,1,4,4,1,4,3,3,0,6,1,2,4,3,坤記糕品,73,15,8,emotional,3.0
169,1,1,"['Restaurant Information (e.g. Introduction, Address, Opening Hours etc)', 'Pricing', 'Detailed Menu', 'Discounts or Promotions']","['Appealing images', 'Restaurant Information (e.g. Introduction, Address, Opening Hours etc)', 'Rating', 'Pricing', 'Comments from Other Users', 'Detailed Menu', 'Discounts or Promotions']",3,4,3,5,4,3,3,5,4,3,2,3,4,2,4,2,1,1,2,5,1,4,4,良記餐廳,73,14,7,emotional,3.5
170,1,1,"['Restaurant Information (e.g. Introduction, Address, Opening Hours etc)', 'Pricing', 'Appealing images', 'Discounts or Promotions']","['Comments from Other Users', 'Detailed Menu', 'Restaurant Information (e.g. Introduction, Address, Opening Hours etc)', 'Appealing images', 'Pricing']",3,4,4,5,4,4,5,4,3,5,2,4,3,2,5,3,2,0,4,5,2,5,4,甘の季節,77,17,9,emotional,3.5
171,1,1,"['Restaurant Information (e.g. Introduction, Address, Opening Hours etc)', 'Pricing', 'Appealing images', 'Rating']","['Restaurant Information (e.g. Introduction, Address, Opening Hours etc)', 'Pricing', 'Detailed Menu', 'Appealing images']",5,3,4,5,3,4,5,5,3,3,1,5,4,2,5,3,2,0,5,2,2,4,4,新香園,78,17,8,emotional,3.5
172,1,1,"['Pricing', 'Appealing images', 'Detailed Menu', 'Food Descriptions']","['Detailed Menu', 'Pricing', 'Restaurant Information (e.g. Introduction, Address, Opening Hours etc)', 'Comments from Other Users', 'Appealing images', 'Rating']",5,5,5,4,4,3,4,4,5,5,2,4,5,1,4,2,3,1,1,1,5,1,4,何洪記粥麵專家,78,18,8,emotional,3.5
173,1,1,"['Pricing', 'Appealing images', 'Detailed Menu', 'Food Descriptions']","['Restaurant Information (e.g. Introduction, Address, Opening Hours etc)', 'Appealing images', 'Detailed Menu', 'Pricing']",4,4,3,4,3,4,5,4,4,5,3,3,4,2,4,2,2,0,1,1,5,1,1,強記美食,68,16,9,emotional,3.5
174,1,1,"['Restaurant Information (e.g. Introduction, Address, Opening Hours etc)', 'Appealing images', 'Detailed Menu', 'Food Descriptions']","['Restaurant Information (e.g. Introduction, Address, Opening Hours etc)', 'Pricing']",4,4,5,5,5,4,4,3,5,5,2,3,4,1,4,1,2,1,5,1,1,5,4,新香園,82,16,6,emotional,3.5
175,1,1,"['Restaurant Information (e.g. Introduction, Address, Opening Hours etc)', 'Pricing', 'Appealing images', 'Rating']","['Pricing', 'Detailed Menu', 'Appealing images', 'Restaurant Information (e.g. Introduction, Address, Opening Hours etc)', 'Comments from Other Users']",4,4,2,3,3,3,1,1,3,4,2,4,3,2,3,1,3,0,3,5,1,4,5,周記點心,63,14,8,emotional,4.0
176,1,1,"['Restaurant Information (e.g. Introduction, Address, Opening Hours etc)', 'Pricing', 'Appealing images', 'Comments from Other Users']","['Comments from Other Users', 'Detailed Menu', 'Pricing', 'Restaurant Information (e.g. Introduction, Address, Opening Hours etc)', 'Appealing images']",5,4,4,4,5,4,4,3,4,4,3,4,5,3,5,1,2,0,3,3,1,2,4,陸羽茶室,76,18,9,emotional,3.5
177,1,1,"['Pricing', 'Appealing images', 'Comments from Other Users']","['Pricing', 'Restaurant Information (e.g. Introduction, Address, Opening Hours etc)']",5,5,5,5,4,3,5,4,5,5,3,4,5,1,5,1,1,0,3,6,2,1,5,勝香園,84,19,6,emotional,3.5
178,1,1,"['Restaurant Information (e.g. Introduction, Address, Opening Hours etc)', 'Appealing images', 'Detailed Menu', 'Discounts or Promotions']","['Pricing', 'Detailed Menu', 'Appealing images', 'Restaurant Information (e.g. Introduction, Address, Opening Hours etc)', 'Comments from Other Users']",5,5,4,5,4,4,4,5,4,4,2,5,5,1,5,3,1,1,3,4,2,2,5,甘の季節,83,19,7,emotional,3.5
179,1,1,"['Restaurant Information (e.g. Introduction, Address, Opening Hours etc)', 'Pricing', 'Appealing images', 'Rating']","['Restaurant Information (e.g. Introduction, Address, Opening Hours etc)', 'Appealing images', 'Pricing', 'Detailed Menu']",3,1,1,2,2,1,2,2,4,1,5,1,2,3,3,4,2,0,2,3,2,1,5,合益泰小食,41,7,14,stable,3.5
180,1,1,"['Restaurant Information (e.g. Introduction, Address, Opening Hours etc)', 'Pricing', 'Appealing images', 'Rating']","['Appealing images', 'Comments from Other Users', 'Pricing', 'Restaurant Information (e.g. Introduction, Address, Opening Hours etc)', 'Detailed Menu']",5,5,5,4,5,5,4,4,4,4,1,5,5,2,5,1,2,1,1,2,5,3,4,文記車仔麵,85,19,6,emotional,3.5
181,1,1,"['Restaurant Information (e.g. Introduction, Address, Opening Hours etc)', 'Pricing', 'Appealing images', 'Discounts or Promotions']","['Comments from Other Users', 'Pricing', 'Detailed Menu', 'Appealing images', 'Restaurant Information (e.g. Introduction, Address, Opening Hours etc)']",2,2,2,2,2,4,2,4,1,2,2,3,3,3,4,5,5,0,3,3,2,2,3,劉森記麵家,47,12,15,stable,3.5
182,1,1,"['Restaurant Information (e.g. Introduction, Address, Opening Hours etc)', 'Pricing', 'Appealing images', 'Rating']","['Pricing', 'Comments from Other Users', 'Detailed Menu', 'Appealing images', 'Restaurant Information (e.g. Introduction, Address, Opening Hours etc)']",5,5,4,5,4,5,4,4,4,3,1,3,5,1,5,2,1,0,3,5,2,1,5,麥奀記,81,16,5,emotional,3.5
183,1,1,"['Restaurant Information (e.g. Introduction, Address, Opening Hours etc)', 'Appealing images', 'Detailed Menu', 'Discounts or Promotions']","['Restaurant Information (e.g. Introduction, Address, Opening Hours etc)', 'Pricing']",5,5,4,4,5,4,5,4,5,5,2,5,5,1,5,3,1,1,4,5,2,1,5,譚仔米線,84,20,7,emotional,4.0
184,1,1,"['Pricing', 'Appealing images', 'Detailed Menu', 'Food Descriptions']","['Pricing', 'Restaurant Information (e.g. Introduction, Address, Opening Hours etc)']",5,5,3,5,4,3,4,4,5,3,1,4,3,3,5,1,1,0,2,4,2,4,5,鏞記酒家,80,15,6,emotional,3.5
185,1,1,"['Restaurant Information (e.g. Introduction, Address, Opening Hours etc)', 'Pricing', 'Detailed Menu', 'Discounts or Promotions']","['Detailed Menu', 'Restaurant Information (e.g. Introduction, Address, Opening Hours etc)', 'Comments from Other Users', 'Pricing', 'Discounts or Promotions', 'Rating', 'Appealing images']",5,5,5,3,5,4,4,5,5,5,1,5,4,1,5,2,2,0,4,3,2,2,1,蓮香居,81,19,6,emotional,3.5
186,1,1,"['Pricing', 'Appealing images', 'Detailed Menu', 'Food Descriptions']","['Comments from Other Users', 'Restaurant Information (e.g. Introduction, Address, Opening Hours etc)', 'Detailed Menu', 'Appealing images', 'Rating', 'Pricing']",5,4,5,4,5,4,3,4,4,5,2,3,3,2,3,1,1,1,2,5,3,2,1,坤記糕品,73,14,6,emotional,3.0
187,1,1,"['Restaurant Information (e.g. Introduction, Address, Opening Hours etc)', 'Pricing', 'Appealing images', 'Discounts or Promotions']","['Pricing', 'Restaurant Information (e.g. Introduction, Address, Opening Hours etc)']",5,5,3,3,4,5,4,5,4,3,3,1,2,4,2,4,5,1,3,4,3,5,5,華記小食,64,8,16,stable,3.5
188,1,1,"['Restaurant Information (e.g. Introduction, Address, Opening Hours etc)', 'Pricing', 'Appealing images', 'Rating']","['Restaurant Information (e.g. Introduction, Address, Opening Hours etc)', 'Pricing', 'Detailed Menu', 'Appealing images']",4,4,5,4,5,4,5,5,5,5,1,4,5,2,4,1,2,0,2,4,3,5,3,金華冰廳,85,18,6,emotional,3.5
189,1,1,"['Pricing', 'Appealing images', 'Comments from Other Users', 'Food Descriptions']","['Appealing images', 'Pricing', 'Detailed Menu', 'Comments from Other Users', 'Restaurant Information (e.g. Introduction, Address, Opening Hours etc)']",4,4,5,3,5,5,5,3,4,5,1,4,5,1,4,3,3,1,7,1,4,5,4,維記咖啡粉麵,81,18,8,emotional,3.5
190,1,1,"['Pricing', 'Appealing images', 'Detailed Menu', 'Food Descriptions']","['Restaurant Information (e.g. Introduction, Address, Opening Hours etc)', 'Pricing']",5,4,5,5,4,3,4,5,5,5,1,3,4,1,4,2,1,1,3,4,2,4,3,強記美食,82,16,5,emotional,3.5
191,1,1,"['Restaurant Information (e.g. Introduction, Address, Opening Hours etc)', 'Pricing', 'Appealing images', 'Comments from Other Users']","['Restaurant Information (e.g. Introduction, Address, Opening Hours etc)', 'Pricing']",1,1,2,1,4,3,2,2,4,1,4,3,4,5,2,4,2,1,2,4,2,2,4,波記燒臘,45,10,15,stable,3.5
192,1,1,"['Restaurant Information (e.g. Introduction, Address, Opening Hours etc)', 'Pricing', 'Appealing images', 'Discounts or Promotions']","['Restaurant Information (e.g. Introduction, Address, Opening Hours etc)', 'Pricing', 'Detailed Menu', 'Appealing images']",1,1,1,2,2,3,3,4,2,5,2,4,4,3,4,2,1,0,2,3,2,4,3,第三代肥仔小食店,59,17,8,emotional,4.0
193,1,1,"['Restaurant Information (e.g. Introduction, Address, Opening Hours etc)', 'Pricing', 'Appealing images', 'Discounts or Promotions']","['Comments from Other Users', 'Pricing', 'Restaurant Information (e.g. Introduction, Address, Opening Hours etc)', 'Detailed Menu', 'Appealing images']",4,5,4,3,4,5,4,5,5,4,2,4,5,1,3,3,1,1,3,3,2,4,4,媽咪雞蛋仔,80,16,7,emotional,4.0
194,1,1,"['Restaurant Information (e.g. Introduction, Address, Opening Hours etc)', 'Pricing', 'Appealing images', 'Discounts or Promotions']","['Pricing', 'Comments from Other Users', 'Detailed Menu', 'Restaurant Information (e.g. Introduction, Address, Opening Hours etc)', 'Appealing images']",5,5,5,5,3,4,4,5,4,4,2,5,4,1,4,1,2,1,2,3,2,2,5,佳佳甜品,82,17,6,emotional,3.5
195,1,1,"['Restaurant Information (e.g. Introduction, Address, Opening Hours etc)', 'Pricing', 'Detailed Menu', 'Discounts or Promotions']","['Comments from Other Users', 'Restaurant Information (e.g. Introduction, Address, Opening Hours etc)', 'Rating', 'Discounts or Promotions', 'Pricing', 'Appealing images', 'Detailed Menu']",4,3,5,3,5,3,4,4,3,4,2,5,3,2,4,2,3,0,2,4,3,4,1,蘭芳園,70,16,9,emotional,3.0
196,1,1,"['Pricing', 'Appealing images', 'Detailed Menu', 'Food Descriptions']","['Restaurant Information (e.g. Introduction, Address, Opening Hours etc)', 'Detailed Menu', 'Pricing', 'Appealing images']",5,5,5,4,5,3,5,5,4,4,1,4,4,1,4,1,1,1,6,1,2,3,4,滿記甜品,84,16,4,emotional,3.5
197,1,1,"['Restaurant Information (e.g. Introduction, Address, Opening Hours etc)', 'Pricing', 'Appealing images', 'Discounts or Promotions']","['Restaurant Information (e.g. Introduction, Address, Opening Hours etc)', 'Detailed Menu', 'Pricing', 'Appealing images']",2,1,3,3,3,3,3,1,2,2,3,1,4,3,2,3,4,0,7,1,4,4,5,興記菜館,50,9,13,stable,3.0
198,1,1,"['Pricing', 'Appealing images', 'Detailed Menu', 'Food Descriptions']","['Pricing', 'Restaurant Information (e.g. Introduction, Address, Opening Hours etc)']",5,5,3,3,3,5,4,4,5,5,3,5,5,3,5,3,1,0,6,1,3,1,5,金華冰廳,77,20,10,emotional,3.5
199,1,1,"['Pricing', 'Appealing images', 'Detailed Menu', 'Food Descriptions']","['Comments from Other Users', 'Detailed Menu', 'Appealing images', 'Pricing', 'Restaurant Information (e.g. Introduction, Address, Opening Hours etc)']",4,1,1,4,2,2,1,1,1,4,1,4,4,1,3,2,1,1,7,1,4,5,1,鳳城酒家,57,15,5,emotional,3.5
200,1,1,"['Restaurant Information (e.g. Introduction, Address, Opening Hours etc)', 'Pricing', 'Appealing images', 'Rating']","['Restaurant Information (e.g. Introduction, Address, Opening Hours etc)', 'Pricing']",2,4,1,1,2,3,1,1,1,1,5,1,2,4,1,4,4,1,3,4,3,4,2,波記燒臘,34,5,17,stable,3.5
201,1,1,"['Restaurant Information (e.g. Introduction, Address, Opening Hours etc)', 'Pricing', 'Appealing images', 'Rating']","['Restaurant Information (e.g. Introduction, Address, Opening Hours etc)', 'Appealing images', 'Pricing', 'Detailed Menu']",4,5,5,4,4,5,3,5,4,4,1,4,4,2,3,1,3,0,3,4,2,4,4,蘭芳園,79,15,7,emotional,3.0
202,1,1,"['Restaurant Information (e.g. Introduction, Address, Opening Hours etc)', 'Pricing', 'Appealing images', 'Discounts or Promotions']","['Restaurant Information (e.g. Introduction, Address, Opening Hours etc)', 'Pricing']",2,1,1,2,1,1,2,3,2,4,1,4,5,2,3,2,1,1,4,4,3,4,2,新斗記,55,16,6,emotional,3.5
